{"cameraMode":{"drawMode":0,"name":"Shaded","section":"Shading Mode"},"sceneLighting":false,"audioPlay":false,"sceneViewState":{"m_AlwaysRefresh":false,"showFog":true,"showSkybox":false,"showFlares":true,"showImageEffects":true,"showParticleSystems":true,"showVisualEffectGraphs":true,"m_FxEnabled":true},"in2DMode":false,"pivot":{"x":0.1559523344039917,"y":1.1871566772460938,"z":12.34356689453125},"rotation":{"x":-0.2234175205230713,"y":-0.03199101984500885,"z":0.006076986901462078,"w":-0.9745880365371704},"size":13.547483444213868,"orthographic":false}