{"cameraMode":{"drawMode":0,"name":"Shaded","section":"Shading Mode"},"sceneLighting":true,"audioPlay":false,"sceneViewState":{"m_AlwaysRefresh":false,"showFog":true,"showSkybox":true,"showFlares":true,"showImageEffects":true,"showParticleSystems":true,"showVisualEffectGraphs":true,"m_FxEnabled":true},"in2DMode":false,"pivot":{"x":99.71260833740235,"y":7.708576679229736,"z":916.3695678710938},"rotation":{"x":0.002580753993242979,"y":-0.9971874952316284,"z":-0.03979787975549698,"w":-0.06472533196210861},"size":2.8646390438079836,"orthographic":false}