{"cameraMode":{"drawMode":0,"name":"Shaded","section":"Shading Mode"},"sceneLighting":true,"audioPlay":false,"sceneViewState":{"m_AlwaysRefresh":false,"showFog":true,"showSkybox":true,"showFlares":true,"showImageEffects":true,"showParticleSystems":true,"showVisualEffectGraphs":true,"m_FxEnabled":true},"in2DMode":false,"pivot":{"x":77.29344940185547,"y":2.290851354598999,"z":932.0487060546875},"rotation":{"x":0.008203540928661824,"y":0.48256224393844607,"z":0.00002602187123557087,"w":-0.8767081499099731},"size":1.8412253856658936,"orthographic":false}