{"cameraMode":{"drawMode":0,"name":"Shaded","section":"Shading Mode"},"sceneLighting":true,"audioPlay":false,"sceneViewState":{"m_AlwaysRefresh":false,"showFog":true,"showSkybox":true,"showFlares":true,"showImageEffects":true,"showParticleSystems":true,"showVisualEffectGraphs":true,"m_FxEnabled":true},"in2DMode":false,"pivot":{"x":367.0010681152344,"y":83.26139831542969,"z":209.41281127929688},"rotation":{"x":-0.27718648314476015,"y":0.02113688737154007,"z":-0.010631159879267216,"w":-0.9613903164863586},"size":236.56785583496095,"orthographic":false}