{"cameraMode":{"drawMode":0,"name":"Shaded","section":"Shading Mode"},"sceneLighting":true,"audioPlay":false,"sceneViewState":{"m_AlwaysRefresh":false,"showFog":true,"showSkybox":true,"showFlares":true,"showImageEffects":true,"showParticleSystems":true,"showVisualEffectGraphs":true,"m_FxEnabled":true},"in2DMode":false,"pivot":{"x":418.0562438964844,"y":310.68988037109377,"z":-725.4295043945313},"rotation":{"x":0.0018094792030751706,"y":0.00331122986972332,"z":9.650284482631833e-7,"w":1.0000039339065552},"size":2.498765468597412,"orthographic":false}