{"cameraMode":{"drawMode":0,"name":"Shaded","section":"Shading Mode"},"sceneLighting":false,"audioPlay":false,"sceneViewState":{"m_AlwaysRefresh":false,"showFog":false,"showSkybox":false,"showFlares":false,"showImageEffects":false,"showParticleSystems":false,"showVisualEffectGraphs":true,"m_FxEnabled":true},"in2DMode":false,"pivot":{"x":-1.1920928955078126e-7,"y":0.8701321482658386,"z":-0.03430633246898651},"rotation":{"x":0.38322919607162478,"y":-0.03642265126109123,"z":0.014624672941863537,"w":0.9235666394233704},"size":1.0713310241699219,"orthographic":false}