{"cameraMode":{"drawMode":0,"name":"Shaded","section":"Shading Mode"},"sceneLighting":false,"audioPlay":false,"sceneViewState":{"m_AlwaysRefresh":false,"showFog":true,"showSkybox":false,"showFlares":true,"showImageEffects":true,"showParticleSystems":true,"showVisualEffectGraphs":true,"m_FxEnabled":true},"in2DMode":false,"pivot":{"x":-1.4010604619979859,"y":3.9230644702911379,"z":2.8890702724456789},"rotation":{"x":0.0074461037293076519,"y":-0.9512414932250977,"z":0.3077656626701355,"w":0.02309790812432766},"size":7.193969249725342,"orthographic":false}